Distrito,Tmin_Media_C
CAPAZO,-5.19
SUSAPAYA,-5.16
TARATA,-5.0
TICACO,-4.42
SAN ANTONIO DE CHUCA,-4.39
CANDARAVE,-4.36
CONDOROMA,-4.12
PARATIA,-4.09
CARUMAS,-3.41
SAN JUAN DE TARUCANI,-3.34
TUTI,-3.26
PISACOMA,-3.25
AJOYANI,-3.14
CALLALLI,-3.0
CORANI,-2.96
ANANEA,-2.88
OCUVIRI,-2.81
PITUMARCA,-2.8
CAYLLOMA,-2.66
MACUSANI,-2.61
COJATA,-2.57
PICHACANI,-2.57
YANQUE,-2.55
VILAVILA,-2.53
CRUCERO,-2.46
CONDURIRI,-2.45
SIBAYO,-2.41
CHECACUPE,-2.4
TISCO,-2.37
CAMILACA,-2.24
NUNOA,-2.15
ANTAUTA,-2.14
CHOJATA,-2.08
POTONI,-2.0
LARI,-1.96
HUACULLANI,-1.92
OCORURO,-1.53
CABANILLAS,-1.51
PUTINA,-1.5
UBINAS,-1.43
TAPAY,-1.42
CHACHAS,-1.41
PALLPATA,-1.37
LLOQUE,-1.36
KELLUYO,-1.34
MACA,-1.24
UMACHIRI,-1.24
ALTO PICHIGUA,-1.15
HUAYRAPATA,-1.13
CAYARANI,-1.12
ICHUPAMPA,-1.09
CUYOCUYO,-1.08
MUNANI,-1.02
ORCOPAMPA,-1.01
ACORA,-1.0
MACARI,-0.94
ACHOMA,-0.93
QUILCAPUNCU,-0.92
PUYCA,-0.91
LLALLI,-0.85
SAN ANTON,-0.83
CHONGOS ALTO,-0.81
ICHUNA,-0.79
SUYCKUTAMBO,-0.78
PEDRO VILCA APAZA,-0.72
ASCENSION,-0.71
CUPI,-0.64
MADRIGAL,-0.58
ESPINAR,-0.58
SUITUCANCHA,-0.55
SICUANI,-0.54
HUAYNACOTAS,-0.54
TIQUILLACA,-0.53
MANAZO,-0.52
ACOBAMBILLA,-0.47
OCONGATE,-0.46
MARANGANI,-0.4
VIRACO,-0.39
MOROCOCHA,-0.39
COPORAQUE,-0.37
ZEPITA,-0.35
JULI,-0.34
MARCAPOMACOCHA,-0.33
CABANILLA,-0.29
CAIRANI,-0.25
ILAVE,-0.22
TANTA,-0.21
DESAGUADERO,-0.21
CHUPAMARCA,-0.2
USICAYOS,-0.15
CHICCHE,-0.07
CAYMA,-0.07
PICHIGUA,-0.01
KUNTURKANKI,-0.01
INCHUPALLA,-0.01
VITIS,0.01
CHONGOS BAJO,0.01
TOMAS,0.03
LAYO,0.1
VILQUE CHICO,0.11
AURAHUA,0.11
HUANCAYA,0.12
HUAY-HUAY,0.14
SALAMANCA,0.15
HUANTAN,0.15
NUEVO OCCORO,0.16
TIRAPATA,0.2
POMATA,0.21
SANTIAGO DE PUPUJA,0.22
ROSASPATA,0.24
CANCHAYLLO,0.26
JOSE DOMINGO CHOQUEHUANCA,0.27
COALAQUE,0.33
SAN JUAN DE TANTARANCHE,0.34
HUATASANI,0.36
CHICLA,0.39
NICASIO,0.4
AYAVIRI,0.4
SANTIAGO DE ANCHUCAYA,0.44
SANTA BARBARA DE CARHUACAYAN,0.5
LARAOS,0.5
PILPICHACA,0.51
CHOCO,0.51
CASTROVIRREYNA,0.51
COATA,0.53
HUANZA,0.56
HUANCANE,0.61
HUANEC,0.62
PUSI,0.62
CARACOTO,0.62
ARAPA,0.66
MOHO,0.69
CAMINACA,0.72
TARUCACHI,0.73
JULIACA,0.73
ACHAYA,0.73
CONIMA,0.76
ORURILLO,0.77
CHECCA,0.77
ALIS,0.78
LANGUI,0.8
VILCA,0.8
HUAROS,0.85
CCARHUAYO,0.86
PALCA,0.86
HUAROCONDO,0.92
CALAPUJA,0.92
TARACO,0.92
OYOLO,0.93
CHIVAY,0.99
VILQUE,0.99
HUANCAVELICA,1.04
OLLARAYA,1.05
CURPAHUASI,1.06
PUNO,1.09
CARAMPOMA,1.11
HUAYLLAY,1.13
LARIA,1.14
COPANI,1.15
ATUNCOLLA,1.15
PATAMBUCO,1.16
MARCAPATA,1.2
VIRUNDO,1.21
JUNIN,1.24
PLATERIA,1.26
ANTABAMBA,1.26
SANTA ROSA DE SACCO,1.27
ASILLO,1.27
CARANIA,1.3
CHUPA,1.31
JUAN ESPINOZA MEDRANO,1.31
PAUCARCOLLA,1.32
PILCUYO,1.33
CCOCHACCASA,1.34
CHILCAYMARCA,1.37
POMACANCHA,1.41
CAUJUL,1.41
PAMPACOLCA,1.41
HUAROCHIRI,1.42
SAN JUAN DE SALINAS,1.42
VELILLE,1.42
PACARAOS,1.43
HUASICANCHA,1.43
LLUSCO,1.43
PAZOS,1.46
CORONEL CASTANEDA,1.48
HEROINAS TOLEDO,1.48
SAN JOSE DE QUERO,1.49
EL TAMBO,1.49
PARAS,1.51
CAJAMARQUILLA,1.53
QUILCAS,1.54
LIRCAY,1.55
ACRAQUIA,1.56
AHUAYCHA,1.57
YANACANCHA,1.58
YANAOCA,1.58
CHACAPALPA,1.61
SAMAN,1.62
MACHAGUAY,1.64
YUNGA,1.66
HUANCAYO,1.67
TAMBURCO,1.68
SINCOS,1.69
SANTIAGO DE LUCANAMARCA,1.7
SIMON BOLIVAR,1.74
MATALAQUE,1.75
CHACAPAMPA,1.77
SAN PEDRO DE HUACARPANA,1.77
QUEHUE,1.78
ONDORES,1.78
CUSIPATA,1.79
TUPE,1.8
LAMPA,1.81
COTARUSE,1.81
LIVITACA,1.83
MANTA,1.84
SANTA CRUZ DE ANDAMARCA,1.85
COMBAPATA,1.87
HONGOS,1.89
CHALLHUAHUACHO,1.89
CALCA,1.93
ANDAGUA,1.93
CCORCA,1.94
LINCHA,1.95
SINA,1.96
HUAQUIRCA,1.97
OMACHA,2.02
YAULI,2.05
CAPACHICA,2.05
PAUCARA,2.06
OROPESA,2.08
INGENIO,2.08
HAQUIRA,2.09
QUIQUIJANA,2.1
CHAMACA,2.18
OYON,2.22
CHUCUITO,2.23
CHUQUIBAMBILLA,2.24
CONAYCA,2.26
SAN JOAQUIN,2.26
TINYAHUARCO,2.28
OLLACHEA,2.29
CHUPURO,2.32
VICCO,2.32
JANJAILLO,2.33
ACOMAYO,2.34
YUNGUYO,2.34
CARHUAMAYO,2.35
PATAYPAMPA,2.36
SAN PEDRO DE LARAOS,2.37
SAN JUAN DE JARPA,2.38
MOLLEPAMPA,2.39
MASMA CHICCHE,2.4
RICRAN,2.41
ZURITE,2.41
AQUIA,2.42
NINACACA,2.44
LLOCLLAPAMPA,2.45
LA OROYA,2.45
QUIACA,2.46
CURICACA,2.47
SAN MATEO,2.47
QUEROPALCA,2.47
MARCABAMBA,2.5
SAN ANTONIO DE CUSICANCHA,2.51
TAMBO,2.52
SECCLLA,2.53
MADEAN,2.55
ANCAHUASI,2.55
TICAPAMPA,2.55
YANAHUANCA,2.57
SAN JUAN DE IRIS,2.58
APATA,2.59
HUATA,2.6
SAN LORENZO DE QUINTI,2.61
CCATCA,2.64
ATAQUERO,2.64
TUPAC AMARU,2.65
TICLLOS,2.66
QUINOTA,2.72
OLLANTAYTAMBO,2.73
SAN JUAN DE ISCOS,2.74
HUANDO,2.77
CHIPAO,2.81
SAN MARCOS DE ROCCHAC,2.82
CHUSCHI,2.82
PARURO,2.83
VINCHOS,2.84
GAMARRA,2.85
SANGARARA,2.85
EL ORO,2.89
VILCANCHOS,2.89
PROGRESO,2.9
ACOSTAMBO,2.92
CORACORA,2.93
SHILLA,2.94
CATAC,2.94
CANIS,2.96
TILALI,2.98
TORAYA,2.99
SAN PEDRO DE HUANCAYRE,3.0
NAHUIMPUQUIO,3.02
CHAMBARA,3.02
LARES,3.03
AZANGARO,3.03
CABANACONDE,3.04
ANCHONGA,3.08
ANDAMARCA,3.09
TARMA,3.1
SANAYCA,3.1
HUARO,3.11
TUNAN MARCA,3.12
SAPALLANGA,3.13
CHIGUATA,3.13
TUMAY HUARACA,3.14
SAN PEDRO DE PILLAO,3.14
PALCAMAYO,3.16
CUSCO,3.17
SAN PEDRO DE CAJAS,3.2
BANOS,3.21
CUCHUMBAYA,3.23
CHAVIN DE HUANTAR,3.24
SAN MIGUEL DE CORPANQUI,3.24
HUARICOLCA,3.25
SORAS,3.27
UPAHUACHO,3.27
ACOLLA,3.29
CULLHUAS,3.3
LAMAY,3.3
SANGALLAYA,3.32
CHARCANA,3.33
TOTOS,3.34
TAMBOBAMBA,3.34
POMACANCHI,3.35
SANTA LEONOR,3.37
HUANCA-HUANCA,3.39
SARHUA,3.39
QUERCO,3.4
SANTA LUCIA,3.4
PAMPAMARCA,3.41
YAUYOS,3.42
SAN MIGUEL DE ACO,3.42
MOLINOS,3.42
TORATA,3.43
CARMEN SALCEDO,3.44
LUCRE,3.45
SAN CRISTOBAL DE RAJAN,3.46
COTAPARACO,3.47
PICHOS,3.49
SAN MIGUEL DE CAURI,3.49
COCAS,3.49
SACSAMARCA,3.5
YAURISQUE,3.5
TURPAY,3.51
YURA,3.51
URUBAMBA,3.51
COLTA,3.51
COLQUEPATA,3.54
CANARIA,3.54
HUAMATAMBO,3.55
ATAVILLOS ALTO,3.55
SANTO TOMAS DE PATA,3.56
SANTIAGO DE PAUCARAY,3.58
JOSE MARIA ARGUEDAS,3.58
LEONOR ORDONEZ,3.58
HUANCARANI,3.58
TICLACAYAN,3.59
AHUAC,3.6
SANTO TORIBIO,3.6
CAPAYA,3.62
COPA,3.63
HUANCA,3.64
CANTA,3.65
CARHUACALLANGA,3.65
HUANTAR,3.66
POROY,3.67
AUCARA,3.68
MOYA,3.71
CHACA,3.72
ARMA,3.72
SAN DAMIAN,3.72
SAN PEDRO DE PALCO,3.72
PARIAHUANCA,3.72
CARAYBAMBA,3.74
ANTA,3.76
PARCO,3.77
YANAMA,3.77
TINTA,3.79
SANTO DOMINGO DE CAPILLAS,3.8
AIJA,3.81
SAN PEDRO DE LARCAY,3.81
SAN JUAN DE CHACNA,3.81
MANZANARES,3.81
VEINTISIETE DE NOVIEMBRE,3.82
CHACAS,3.84
PAMPACHIRI,3.85
UCHURACCAY,3.86
RECUAY,3.86
POCSI,3.86
SAN FRANCISCO DE ASIS DE YARUSYACAN,3.88
CABANA,3.89
HUASTA,3.9
PUQUINA,3.9
SANTIAGO DE TUCUMA,3.91
LLUTA,3.92
PACAPAUSA,3.92
COLQUEMARCA,3.94
COLONIA,3.96
LARAMARCA,3.97
MARCO,3.98
COYLLURQUI,3.99
HUANUARA,4.0
OMATE,4.02
LOS MOROCHUCOS,4.03
TARICA,4.04
HUARAZ,4.05
APONGO,4.06
PACHACONAS,4.08
PAUCARBAMBA,4.09
CHALLABAMBA,4.1
MASMA,4.11
HUACLLAN,4.11
ALCA,4.13
CASCAPARA,4.18
PILLPINTO,4.21
SAN SALVADOR DE QUIJE,4.21
QUINCHES,4.21
LUCANAS,4.22
HUANCARAYLLA,4.22
CHINCHERO,4.23
RONDOCAN,4.23
MOSOC LLACTA,4.24
HUARI,4.24
SAN FRANCISCO DE RAVACAYCO,4.25
MARIA PARADO DE BELLIDO,4.27
LUIS CARRANZA,4.29
ORCOTUNA,4.29
SICAYA,4.33
PACCHA,4.33
RAGASH,4.34
URCOS,4.34
ANDAJES,4.36
MICAELA BASTIDAS,4.37
ACCHA,4.37
ACORIA,4.38
MANCOS,4.38
ACO,4.39
YUNGAR,4.4
CHIARA,4.4
ESTIQUE,4.41
COLPAS,4.41
PUNCHAO,4.42
MARA,4.42
SHUPLUY,4.42
CACHIMAYO,4.44
TARAY,4.45
PISAC,4.45
PILCOMAYO,4.47
SANTA MARIA DE CHICMO,4.47
TANTARA,4.47
PUQUIO,4.48
ALLAUCA,4.48
CHACOCHE,4.5
HUAYACUNDO ARMA,4.5
RONDOS,4.52
HUAYLLAPAMPA,4.54
LIMATAMBO,4.56
CACRA,4.56
SANTA ANA DE TUSI,4.56
RANRACANCHA,4.57
SANTA TERESA,4.58
SAN SEBASTIAN,4.59
VISCHONGO,4.59
PAMPAS,4.6
CHIQUIAN,4.61
LA LIBERTAD,4.61
PACHAS,4.61
GORGOR,4.65
QUINISTAQUILLAS,4.66
HUACHOS,4.66
PUCYURA,4.67
WANCHAQ,4.67
MAMARA,4.68
ACOCHACA,4.69
PACA,4.69
HUALLA,4.69
CAJACAY,4.69
SOCOS,4.69
HUANCAPI,4.71
PAMPAS CHICO,4.72
SANTA ROSA DE OCOPA,4.73
MITO,4.73
QUILAHUANI,4.74
TRES DE DICIEMBRE,4.76
MUQUIYAUYO,4.78
LLATA,4.79
LLUMPA,4.8
POMABAMBA,4.8
LLIPA,4.81
LOCROJA,4.81
COYA,4.81
HUARIBAMBA,4.82
HUALHUAS,4.83
ACOCRO,4.84
CHINGALPO,4.84
ITUATA,4.85
ANDAHUAYLAS,4.85
TAPO,4.86
CARHUANCA,4.88
EL MANTARO,4.89
MARCARA,4.9
RIPAN,4.9
HUERTAS,4.91
SABAINO,4.92
HUAMANCACA CHICO,4.92
QUIRUVILCA,4.93
QUICHUAS,4.94
CIRCA,4.96
PUNOS,4.96
PARARCA,4.97
CUSCA,4.97
PIRA,4.98
PALLANCHACRA,4.99
LACHAQUI,4.99
VILCAS HUAMAN,5.0
HUACANA,5.0
AMANTANI,5.01
HUAYLLAY GRANDE,5.02
SINGA,5.02
TINTAY,5.02
HUACHON,5.04
PICHIRHUA,5.04
HUANOQUITE,5.04
PACLLON,5.05
SAN MARCOS,5.07
JACAS GRANDE,5.08
CONCHUCOS,5.08
SANTA ANA,5.09
PILCHACA,5.09
CHURCAMPA,5.11
MARGOS,5.13
HUASAHUASI,5.14
CASHAPAMPA,5.14
ANCO_HUALLO,5.16
CARAPO,5.17
YUNGAY,5.18
CONGALLA,5.18
MATAHUASI,5.18
CAICAY,5.19
CHARACATO,5.19
YACUS,5.21
PUYUSCA,5.22
HUAMBALPA,5.22
SAN SALVADOR,5.23
SHUNQUI,5.24
CORDOVA,5.24
CHINCHAYPUJIO,5.26
APARICIO POMARES,5.27
MORCOLLA,5.29
JIVIA,5.29
LAMBRAMA,5.29
TURPO,5.31
YURACMARCA,5.34
OBAS,5.34
ANAPIA,5.34
JACAS CHICO,5.36
PAICO,5.37
CAJAY,5.38
ASQUIPATA,5.39
HUAYLAS,5.4
CURASCO,5.4
JANGAS,5.4
HUACHUPAMPA,5.42
CHAVINILLO,5.44
CONCEPCION,5.46
SAN JUAN DE RONTOY,5.48
BULDIBUYO,5.48
CAJATAMBO,5.49
PACHANGARA,5.5
CAPACMARCA,5.51
JESUS,5.52
CAYNA,5.55
ROSARIO,5.55
CHUQUIS,5.56
MARAS,5.56
CHACAYAN,5.57
MIRGAS,5.57
POMACOCHA,5.58
HUANCARAY,5.58
ACOPIA,5.59
HUAYLLABAMBA,5.61
YANACA,5.62
HUAYUCACHI,5.63
SITAJARA,5.64
HUAYANA,5.66
COCHAMARCA,5.67
OCROS,5.67
SAN PEDRO DE CASTA,5.68
ACOS,5.68
SANTIAGO DE CHILCAS,5.69
SAN PEDRO DE CHANA,5.71
RAPAYAN,5.71
SAN ANTONIO DE ANTAPARCO,5.72
LARAMATE,5.72
CAJAMARCA,5.73
HUACRAPUQUIO,5.73
ESTIQUE-PAMPA,5.75
HUAMANGUILLA,5.75
SARA SARA,5.77
TAPUC,5.78
YANAS,5.78
GOYLLARISQUIZGA,5.79
HUAMANQUIQUIA,5.8
MATUCANA,5.81
CUENCA,5.82
LLAPA,5.82
CHAVINA,5.83
CARHUAZ,5.85
ENCANADA,5.85
DANIEL HERNANDEZ,5.85
SANCOS,5.86
VINAC,5.87
CHALHUANCA,5.89
PAUCAR,5.9
YARUMAYO,5.91
SILLAPATA,5.94
MARCA,5.95
CHORAS,5.98
SANTIAGO DE QUIRAHUARA,6.0
TAPACOCHA,6.0
KISHUARA,6.01
CACHICADAN,6.01
MOLLEPATA,6.02
SAN PEDRO DE CHAULAN,6.02
PUCARA,6.03
CERRO COLORADO,6.04
VILCABAMBA,6.04
COTAHUASI,6.07
HUAYLLACAYAN,6.07
NAVAN,6.08
HUANTA,6.09
ULCUMAYO,6.09
HUACHOCOLPA,6.09
COLCA,6.1
SAN JAVIER DE ALPABAMBA,6.11
MACHUPICCHU,6.13
OLLEROS,6.14
LEONCIO PRADO,6.14
TANTAMAYO,6.16
MASIN,6.17
SAN SILVESTRE DE COCHAN,6.17
SAN FRANCISCO DE ASIS,6.18
TOMEPAMPA,6.19
PAUCARTAMBO,6.21
ANDAHUAYLILLAS,6.21
SAN CRISTOBAL,6.21
MARIAS,6.23
TUMBADEN,6.27
CHILCAYOC,6.29
COSME,6.31
SAN ISIDRO,6.31
SARIN,6.32
JUSTO APU SAHUARAURA,6.32
CHUMPI,6.35
LACABAMBA,6.36
QUISQUI (KICHKI),6.36
QUECHUALLA,6.37
SOROCHUCO,6.38
QUINUA,6.4
AYO,6.4
CALLANMARCA,6.41
COTABAMBAS,6.42
ACZO,6.45
SITABAMBA,6.46
ACOS VINCHOS,6.47
SAN ANDRES DE TUPICOCHA,6.48
MARIATANA,6.49
POLOBAYA,6.5
CATILLUC,6.5
PACCARITAMBO,6.51
CURAHUASI,6.53
SANTILLANA,6.53
CASCA,6.55
HUALGAYOC,6.56
ALTO SELVA ALEGRE,6.6
ONGOY,6.6
SANDIA,6.61
CCAPI,6.61
PACUCHA,6.62
PAUSA,6.65
CONGAS,6.65
HUARIACA,6.65
CAJA,6.66
GREGORIO PITA,6.68
CAHUACHO,6.69
MARIANO MELGAR,6.7
SAN PEDRO DE CORIS,6.7
SANTIAGO DE CHOCORVOS,6.7
CORONGO,6.73
NAMORA,6.73
CARAZ,6.74
COLCHA,6.77
HUAYLLATI,6.79
HUALLANCA,6.8
LOS BANOS DEL INCA,6.82
LA MERCED,6.84
MATO,6.84
SUCCHA,6.85
JULCAN,6.88
SAN MIGUEL DE CHACCRAMPA,6.88
SAN FRANCISCO DE SANGAYAICO,6.95
MUSGA,6.96
HUANCHAY,6.96
SANTA ANA DE HUAYCAHUACHO,6.97
TAYABAMBA,6.98
SUCRE,6.98
SAN PEDRO DE PILAS,6.98
TAPAIRIHUA,6.99
CANGALLO,7.01
SANTO DOMINGO DE ACOBAMBA,7.02
LAHUAYTAMBO,7.07
HUANGASCAR,7.07
CAYARA,7.08
SORAYA,7.09
HUAYLLAN,7.11
QUEROBAMBA,7.12
CALAMARCA,7.12
HUACCHIS,7.13
JULCAMARCA,7.15
HUASMIN,7.17
SAN MATEO DE OTAO,7.18
HUAYTARA,7.19
MACHE,7.2
SAN BUENAVENTURA,7.24
MALVAS,7.24
QUIVILLA,7.26
HUANCARAMA,7.29
SANTIAGO DE CHUCO,7.3
PANAO,7.32
CHECRAS,7.32
MOLLEBAMBA,7.33
CURGOS,7.36
HUACHIS,7.39
HUACAYBAMBA,7.4
TALAVERA,7.43
LANGA,7.47
ALCAMENCA,7.48
ACCOMARCA,7.49
MOLINO,7.53
SIHUAS,7.54
SANTA MARIA DEL VALLE,7.55
SAN JERONIMO,7.56
SANTO TOMAS,7.56
ANGASMARCA,7.57
HUANDOVAL,7.57
ANRA,7.59
URANMARCA,7.6
AGALLPAMPA,7.62
OCOYO,7.67
QUICACHA,7.68
PAMPAROMAS,7.69
ACOBAMBA,7.69
QUITO-ARMA,7.7
TONGOD,7.7
LEIMEBAMBA,7.72
CHAPIMARCA,7.75
PACHAMARCA,7.77
AYAVI,7.78
SAN JUAN,7.79
ANCO,7.8
AYAHUANCO,7.83
ATAVILLOS BAJO,7.86
SAN ANTONIO DE CACHI,7.88
ELEAZAR GUZMAN BARRON,7.88
UNON,7.88
GRANADA,7.89
HUAMACHUCO,7.9
CARABAMBA,7.9
PINRA,7.92
MARIA,7.93
LONGUITA,7.94
HUANCASPATA,7.95
OCOBAMBA,7.95
MIRAFLORES,7.95
CHINCHIHUASI,7.95
YAUYA,7.98
AREQUIPA,7.99
SAN MIGUEL DE MAYOCC,7.99
PUTINZA,8.0
SAN FRANCISCO,8.02
SURCO,8.05
HUACAR,8.08
LLACANORA,8.08
CHAVIN DE PARIARCA,8.08
CHURUBAMBA,8.12
CORCULLA,8.12
CURIBAYA,8.14
CHILCAS,8.16
COLCABAMBA,8.18
TAURIA,8.19
IHUAYLLO,8.19
TIPAN,8.21
ANDABAMBA,8.23
ROBLE,8.23
ACOPAMPA,8.23
PHARA,8.24
CALQUIS,8.24
ROCCHACC,8.24
FIDEL OLIVAS ESCUDERO,8.25
PARIACOTO,8.26
PONTO,8.27
PUCACOLPA,8.29
SAN JOSE DE TICLLAS,8.29
QUEQUENA,8.3
OTOCA,8.31
CHICHAS,8.31
CANCHABAMBA,8.32
SAN JUAN DE YANAC,8.32
TICRAPO,8.32
PAUCAS,8.33
MATACOTO,8.36
MONOBAMBA,8.37
TORO,8.41
SANTIAGO,8.41
CARHUAPAMPA,8.42
SAURAMA,8.42
HUAYLILLAS,8.48
SANAGORAN,8.48
CHUGUR,8.52
QUINUABAMBA,8.52
SAN JOSE DE USHUA,8.52
IRAY,8.54
SALCABAMBA,8.56
CHETILLA,8.57
CHALCOS,8.57
UCHUMARCA,8.58
CHINGAS,8.58
POCOHUANCA,8.59
COCHARCAS,8.61
PISCOBAMBA,8.61
TAMBILLO,8.63
ABELARDO PARDO LEZAMETA,8.63
LLAMELLIN,8.7
SAISA,8.71
PACHIA,8.71
HEROES ALBARRACIN,8.73
HUACACHI,8.73
JOSE MANUEL QUIROZ,8.76
CHINCHEROS,8.76
MANGAS,8.76
CHUGAY,8.77
ARANCAY,8.8
PULLO,8.8
CHUNGUI,8.82
JOSE GALVEZ,8.83
MARCABAL,8.85
ANCHIHUAY,8.87
YARABAMBA,8.87
HUACRACHUCO,8.89
AMASHCA,8.92
MIGUEL IGLESIAS,8.92
SAN FRANCISCO DEL YESO,8.93
MARCAS,8.94
SICSIBAMBA,8.95
MATARA,8.98
TINTAY PUNCU,8.98
LA UNION,9.0
CACHACHI,9.01
CHALAMARCA,9.01
PARANDAY,9.02
TIABAYA,9.04
QUINJALCA,9.05
EL PRADO,9.06
ABANCAY,9.08
SAYLA,9.08
CAPILLAS,9.09
LLAUTA,9.09
LA LIBERTAD DE PALLAN,9.09
HUAMPARA,9.09
ONGON,9.13
GUZMANGO,9.13
SAN FRANCISCO DE CAYRAN,9.14
SAN MIGUEL,9.14
ORONCCOY,9.17
HUASO,9.2
MARISCAL CASTILLA,9.22
SANTIAGO DE PISCHA,9.24
JACOBO HUNTER,9.24
SANTA ROSA,9.28
NINABAMBA,9.33
JIRCAN,9.34
PAUCARPATA,9.35
CACERES DEL PERU,9.37
QUILLO,9.37
TAURIPAMPA,9.41
ANDARAY,9.42
PEDRO GALVEZ,9.46
LA CUESTA,9.48
CHAVIN,9.49
INKAWASI,9.49
SANTA CRUZ DE CHUCA,9.49
QUEROCOTO,9.49
SIVIA,9.49
IGUAIN,9.5
LAMPIAN,9.53
AMBO,9.55
PULAN,9.55
CALLAHUANCA,9.56
MONTEVIDEO,9.56
JESUS NAZARENO,9.57
YANATILE,9.59
PIAS,9.59
CORIS,9.6
SAN PEDRO DE CACHORA,9.6
HUANIPACA,9.61
PAROBAMBA,9.63
HUAYOPATA,9.64
UCO,9.66
SAN PEDRO,9.68
CHOTA,9.69
LA PRIMAVERA,9.69
OXAMARCA,9.7
ALFONSO UGARTE,9.74
TIBILLO,9.76
SAMUGARI,9.76
RANRAHIRCA,9.76
COCHAS,9.78
SHUNTE,9.79
SOLOCO,9.82
OCANA,9.84
OMAS,9.9
BAMBAS,9.91
LLAPO,9.91
SAN JUAN DE LOPECANCHA,9.93
CANARIS,9.95
LA JALCA,9.95
CHILLIA,9.97
COLCAMAR,9.98
ANDAYMARCA,9.98
USQUIL,9.99
PACCHO,10.0
COMAS,10.01
AYACUCHO,10.02
INGUILPATA,10.05
MOLINOPAMPA,10.09
OTUZCO,10.11
COSPAN,10.12
SALCAHUASI,10.12
LLACLLIN,10.14
VITOC,10.16
CATAHUASI,10.17
CHIGUIRIP,10.19
ILABAYA,10.19
CHUQUIBAMBA,10.2
SANTA EULALIA,10.2
CONDORMARCA,10.23
SAN ISIDRO DE MAINO,10.26
COCHABAMBA,10.26
CONCHAN,10.27
COCHORCO,10.29
YUPAN,10.29
PACOBAMBA,10.29
ARAHUAY,10.3
LUYA,10.32
HUANCABAMBA,10.33
TINGO,10.36
PARCOY,10.37
CARAVELI,10.4
CHONTABAMBA,10.4
INCAHUASI,10.41
KAQUIABAMBA,10.45
PACAYCASA,10.46
CHACCHO,10.53
HUANUHUANU,10.55
TACABAMBA,10.57
SOCOTA,10.57
AMBAR,10.61
IHUARI,10.62
ACAS,10.62
LEVANTO,10.65
QUICHES,10.65
LA CAPILLA,10.65
SAN ANTONIO,10.66
EL CARMEN DE LA FRONTERA,10.69
EL CARMEN,10.71
HUAYAN,10.71
VILLA VIRGEN,10.72
CHINCHO,10.73
YAUYUCAN,10.75
TAUCA,10.76
PARARIN,10.77
QUISHUAR,10.78
SAN NICOLAS,10.84
LAMUD,10.85
JOSE SABOGAL,10.86
LUCMA,10.88
LAJAS,10.9
HUAC-HUAS,10.9
QUINOCAY,10.91
HUARANCHAL,10.92
PALLASCA,10.94
CAJABAMBA,10.95
SONDORILLO,10.95
CHOLON,10.98
SANTA CRUZ DE TOLED,11.02
HUANCANO,11.02
YANAQUIHUA,11.05
CHONTALI,11.05
CHILIQUIN,11.07
HUANCAPON,11.08
CONTUMAZA,11.08
EDUARDO VILLANUEVA,11.09
COCHAMAL,11.12
JORGE CHAVEZ,11.13
SANTIAGO DE TUNA,11.15
MAGDALENA,11.15
LURICOCHA,11.15
YANAC,11.15
URPAY,11.17
CONILA,11.17
LOS CHANKAS,11.17
AYNA,11.17
JUMBILLA,11.19
SANTIAGO DE CHALLAS,11.19
SAN ANDRES DE CUTERVO,11.21
HUAMBO,11.22
SAUCEPAMPA,11.22
UCHUMAYO,11.3
PILLCO MARCA,11.32
LONYA CHICO,11.32
ASUNCION,11.33
INDEPENDENCIA,11.43
CHOCOS,11.46
MANAS,11.47
ANDARAPA,11.54
CHINCHAO,11.56
LONGAR,11.58
UMARI,11.6
SAN BARTOLOME,11.61
YANAHUAYA,11.61
SURCUBAMBA,11.63
SAN LUIS DE LUCMA,11.66
CHUMUCH,11.68
CUTERVO,11.72
MARISCAL BENAVIDES,11.72
HUACCANA,11.73
TOMAY KICHWA,11.74
UTCO,11.75
ALTO DE LA ALIANZA,11.76
CHETO,11.77
BAMBAMARCA,11.77
LA JOYA,11.77
CIUDAD NUEVA,11.82
VITOR,11.85
CONCHAMARCA,11.85
CALANA,11.86
LLAMA,11.87
HUAMBOS,11.9
CHISQUILLA,11.91
SAN JUAN DE SIGUAS,11.92
ICHOCAN,11.93
TABACONAS,11.94
HUAMANTANGA,11.95
SAN JOSE,11.95
LA PAMPA,11.97
SUMBILCA,12.0
QUEROCOTILLO,12.02
PUEBLO LIBRE,12.05
SANTA RITA DE SIGUAS,12.11
CHADIN,12.15
MIRACOSTA,12.16
ANGUIA,12.17
LUYA VIEJO,12.19
LIMABAMBA,12.21
MOQUEGUA,12.24
SAN RAMON,12.25
YAUCA DEL ROSARIO,12.26
SAN FRANCISCO DE DAGUAS,12.27
HUANCARQUI,12.27
SAN PABLO DE PILLAO,12.27
APLAO,12.27
HUICUNGO,12.28
SANTA ISABEL DE SIGUAS,12.3
POCOLLAY,12.3
SAN MIGUEL DE ACOS,12.31
MACATE,12.33
SAYAPULLO,12.39
CHACHAPOYAS,12.4
SALLIQUE,12.42
CHARAT,12.43
SAMEGUA,12.44
COCHAPETI,12.45
TACNA,12.45
TAURIJA,12.49
INCLAN,12.52
MAJES,12.52
CHAPARRA,12.55
UTICYACU,12.59
MONZON,12.61
SONCHE,12.61
MARIANO NICOLAS VALCARCEL,12.65
SEXI,12.65
CORTEGANA,12.67
PATAZ,12.68
SANTO DOMINGO DE LA CAPILLA,12.69
OXAPAMPA,12.69
ZUNIGA,12.73
ANTONIO RAYMONDI,12.74
KOSNIPATA,12.74
SAN BERNARDINO,12.75
OCONA,12.77
FLORIDA,12.77
SANTA ROSA DE ALTO YANAJANCA,12.79
PAMPAS GRANDE,12.87
CHAGLLA,12.87
MOLLENDO,12.88
CHANCHAMAYO,12.92
ATICO,12.92
LA RAMADA,12.94
OCALLI,12.94
HUANUCO,12.95
SARTIMBAMBA,12.96
SONDOR,12.97
SITACOCHA,12.98
POMAHUACA,13.03
PISUQUIA,13.04
CHANCAYBANOS,13.07
HUANCAS,13.07
SAN PABLO,13.08
NIEPOS,13.1
SAN JOSE DE LOS MOLINOS,13.1
VISTA ALEGRE,13.14
CATACHE,13.15
SALPO,13.17
SINSICAP,13.19
LOCUMBA,13.2
URACA,13.2
LLAYLLA,13.22
CHURUJA,13.23
CAMANTI,13.23
COROSHA,13.23
UCUNCHA,13.24
VALERA,13.28
SAN JUAN DE LICUPIS,13.28
CONDEBAMBA,13.3
JAQUI,13.33
OMIA,13.33
BOLOGNESI,13.35
PACARAN,13.35
HUAYO,13.36
LLOCHEGUA,13.39
ACARI,13.43
AMARILIS,13.44
SAN CARLOS,13.47
BOLIVAR,13.47
CELENDIN,13.5
SANTO DOMINGO DE LOS OLLEROS,13.51
ALTO INAMBARI,13.51
RIO GRANDE,13.53
SHIPASBAMBA,13.54
SAN FELIPE,13.57
CHALACO,13.6
COCACHACRA,13.62
OCUMAL,13.66
ATIQUIPA,13.67
NAMBALLE,13.71
ANTIOQUIA,13.74
PACAIPAMPA,13.74
OCUCAJE,13.79
COLQUIOC,13.8
SANTA CATALINA,13.83
UNION AGUA BLANCA,13.84
POZUZO,13.88
AYAPATA,13.9
SANTA CRUZ,13.92
SANTA CRUZ DE COCACHACRA,13.94
MARANURA,13.99
CHIRIMOTO,14.0
KIMBIRI,14.01
CHOROPAMPA,14.01
CHANCAY,14.02
NICOLAS DE PIEROLA,14.02
LA TINGUINA,14.03
TOTORA,14.07
ICA,14.07
PACHACUTEC,14.1
MARCONA,14.15
MARISCAL CACERES,14.16
EL ALGARROBAL,14.18
CASCAS,14.2
SANTA ROSA DE QUIVES,14.22
PARDO MIGUEL,14.27
YAUCA,14.3
COCABAMBA,14.33
QUILCA,14.33
JAZAN,14.38
SUBTANJALLA,14.39
MARMOT,14.43
LOS AQUIJES,14.44
COASA,14.45
CUISPES,14.45
ISLAY,14.47
BALSAS,14.49
BELLA UNION,14.54
HUMAY,14.57
PAMPA HERMOSA,14.58
SAN JOSE DEL ALTO,14.58
ECHARATE,14.62
SAN RAFAEL,14.62
CALLAYUC,14.63
EL INGENIO,14.68
SAN LUIS,14.7
COLASAY,14.71
LOMAS,14.72
CHANGUILLO,14.77
PARCONA,14.78
MILPUC,14.79
LUNAHUANA,14.79
SANTO DOMINGO,14.8
CORONEL GREGORIO ALBARRACIN LANCHIPA,14.8
NASCA,14.81
LIMBANI,14.83
PUNTA DE BOMBON,14.85
SAN GABAN,14.88
CHALA,14.88
SAN JUAN DEL ORO,14.88
JAMALCA,14.89
MEJIA,14.9
FRIAS,14.92
AYABACA,14.92
PALPA,14.97
CALANGO,14.97
CUPISNIQUE,14.99
SAMA,15.04
QUELLOUNO,15.05
PICHARI,15.07
CAJARURO,15.12
HUARMACA,15.13
RICARDO PALMA,15.15
JAEN,15.18
TANTARICA,15.18
PIMPINGOS,15.26
ALTO LARAN,15.29
LA ESPERANZA,15.3
ITE,15.36
COAYLLO,15.36
YAUTAN,15.36
PARACAS,15.37
CHACLACAYO,15.44
LURIGANCHO,15.45
YAMANGO,15.48
SALAS,15.48
LLIPATA,15.49
SAYAN,15.5
CAMPORREDONDO,15.54
HUABAL,15.58
SAN LUIS DE SHUARO,15.63
ATE,15.64
VILLA KINTIARINA,15.65
CHINCHA ALTA,15.67
BELEN,15.68
CHIMBAN,15.7
NUEVA CAJAMARCA,15.71
YAMBRASBAMBA,15.74
LONYA GRANDE,15.76
QUILMANA,15.77
SAN ANDRES,15.77
LONGOTEA,15.78
PACOCHA,15.8
NUEVO IMPERIAL,15.82
AWAJUN,15.83
ELIAS SOPLIN VARGAS,15.83
ILO,15.84
SAN BENITO,15.87
GROCIO PRADO,15.88
LA COIPA,15.92
SAN JUAN BAUTISTA,15.95
CIENEGUILLA,15.96
VIZCATAN DEL ENE,15.97
LA YARADA LOS PALOS,16.0
DEAN VALDIVIA,16.02
MAZAMARI - PANGOA,16.04
LALAQUIZ,16.04
HUARAL,16.05
TUPAC AMARU INCA,16.17
SIMBAL,16.17
MORO,16.21
SAN JOSE DE LOURDES,16.23
SAN VICENTE DE CANETE,16.23
PUNTA NEGRA,16.26
VILLA RICA,16.29
YAMON,16.31
AUCALLAMA,16.32
SAMUEL PASTOR,16.32
CANCHAQUE,16.33
PERENE,16.33
HUARMEY,16.34
PROVIDENCIA,16.35
TOCMOCHE,16.35
CHILETE,16.36
CARABAYLLO,16.38
SAPILLICA,16.4
CHILCA,16.44
ASIA,16.44
ANCON,16.45
SAN MIGUEL DE EL FAIQUE,16.46
SANTA CRUZ DE FLORES,16.49
SAN CLEMENTE,16.5
PUNTA HERMOSA,16.5
CHAO,16.53
SAN BARTOLO,16.56
BUENA VISTA ALTA,16.56
SAN JUAN DE LURIGANCHO,16.57
LA MORADA,16.6
POLVORA,16.61
PACHACAMAC,16.62
MALA,16.63
LURIN,16.66
IMPERIAL,16.67
EL AGUSTINO,16.69
PION,16.69
CERRO AZUL,16.71
SUPE,16.73
HUAURA,16.74
VEGUETA,16.75
SANTA MARIA,16.77
LAS PIRIAS,16.78
MARIANO DAMASO BERAUN,16.79
HUACHO,16.79
SAN JUAN DE CUTERVO,16.82
SAN GREGORIO,16.83
PARAMONGA,16.87
SORITOR,16.88
SANTA MARIA DEL MAR,16.9
PUENTE PIEDRA,16.9
ALTO SAPOSOA,16.91
CULEBRAS,16.91
PUEBLO NUEVO,16.93
POROTO,16.93
CASMA,16.95
VIRU,17.01
PICHANAQUI,17.04
EL PORVENIR,17.05
VENTANILLA,17.06
PATIVILCA,17.07
SUPE PUERTO,17.09
NEPENA,17.09
SUNAMPE,17.11
JOSE CRESPO Y CASTILLO,17.12
CHIMBOTE,17.13
LA MOLINA,17.14
VILLA MARIA DEL TRIUNFO,17.15
CHINCHA BAJA,17.22
LAREDO,17.23
SICCHEZ,17.23
DANIEL ALOMIA ROBLES,17.27
MONTERO,17.31
JEPELACIO,17.32
SAN MARTIN,17.34
SALAVERRY,17.35
CHIRINOS,17.36
LA FLORIDA,17.38
CAMANA,17.38
CANAYRE,17.38
COMANDANTE NOEL,17.39
NUEVO CHIMBOTE,17.4
CUMBA,17.49
HUARANGO,17.49
SAMANCO,17.5
SAN IGNACIO,17.5
BAGUA GRANDE,17.54
PUCAYACU,17.55
ALONSO DE ALVARADO,17.55
RIO TAMBO,17.59
SANTA CATALINA DE MOSSA,17.6
GUADALUPITO,17.62
HUANCHACO,17.63
CUJILLO,17.65
CASA GRANDE,17.67
NANCHOC,17.68
COISHCO,17.69
SANTA,17.7
CHOCHOPE,17.73
SATIPO,17.76
SAN MARTIN DE PORRES,17.78
VILLA EL SALVADOR,17.79
RAZURI,17.8
CALLAO,17.82
ASCOPE,17.86
SAN PEDRO DE LLOC,17.88
CHICAMA,17.9
OYOTUN,17.92
SAN JUAN DE MIRAFLORES,17.97
HERMILIO VALDIZAN,17.97
CHOCOPE,18.01
PAIJAN,18.02
JILILI,18.03
PACASMAYO,18.03
PUCALA,18.05
PACANGA,18.06
YONAN,18.06
MAGDALENA DE CAO,18.07
SANTO DOMINGO DE ANDA,18.08
VICTOR LARCO HERRERA,18.08
MOCHE,18.09
CAYALTI,18.1
YORONGOS,18.12
CHEPEN,18.14
CHOROS,18.14
FERRENAFE,18.16
MOYOBAMBA,18.18
CHORRILLOS,18.18
JEQUETEPEQUE,18.18
GUADALUPE,18.19
ILLIMO,18.2
PATAPO,18.21
TUMAN,18.22
TORIBIO CASANOVA,18.23
MOCHUMI,18.24
TUCUME,18.25
ETEN PUERTO,18.29
PACHIZA,18.31
ARAMANGO,18.31
MONSEFU,18.31
PINTO RECODO,18.31
SANA,18.32
RIOJA,18.32
ETEN,18.33
SANTIAGO DE CAO,18.34
JAYANCA,18.34
LAGUNAS,18.37
PITIPO,18.37
PACORA,18.39
COVIRIALI,18.39
PICSI,18.4
LAMBAYEQUE,18.42
COPALLIN,18.44
LA VICTORIA,18.47
PIMENTEL,18.47
POMALCA,18.49
MANUEL ANTONIO MESONES MURO,18.51
CAMPANILLA,18.52
REQUE,18.52
MORROPE,18.52
MOTUPE,18.54
JOSE LEONARDO ORTIZ,18.55
NUEVA ARICA,18.58
TRUJILLO,18.59
TOCACHE,18.62
SAN ROQUE DE CUMBAZA,18.71
CHICLAYO,18.73
CHONGOYAPE,18.74
CODO DEL POZUZO,18.76
LA PECA,18.81
TABALOSOS,18.84
OLMOS,18.9
RUPA-RUPA,18.9
PAIMAS,18.92
ALTO BIAVO,18.94
UCHIZA,18.97
HABANA,18.97
SALITRAL,18.99
PALCAZU,19.03
YANTALO,19.06
CALZADA,19.06
PUERTO BERMUDEZ,19.06
RIO NEGRO,19.07
CASTILLO GRANDE,19.09
POSIC,19.09
BARRANCA,19.13
SAN FERNANDO,19.18
SAPOSOA,19.25
NUEVO PROGRESO,19.26
LUYANDO,19.29
SECHURA,19.29
MORROPON,19.3
CATACAOS,19.33
IMAZA,19.34
LA MATANZA,19.34
MANU,19.37
PAITA,19.45
YURACYACU,19.46
SAN JUAN DE BIGOTE,19.49
CHULUCANAS,19.49
SAUCE,19.6
TRES UNIDOS,19.61
VICE,19.65
ZAPATERO,19.68
CRISTO NOS VALGA,19.69
CURA MORI,19.74
COLAN,19.78
EL TALLAN,19.79
LA BREA,19.8
LA ARENA,19.81
EL CENEPA,19.83
LA HUACA,19.83
VEINTISEIS DE OCTUBRE,19.85
MARCAVELICA,19.91
LAS LOMAS,19.92
BERNAL,19.92
AMOTAPE,19.93
LANCONES,19.93
VICHAYAL,19.93
CASTILLA,19.96
SHAMBOYACU,19.96
MIGUEL CHECA,19.99
RUMISAPA,19.99
SUYO,20.0
BUENOS AIRES,20.04
BELLAVISTA DE LA UNION,20.04
PIURA,20.05
TAMARINDO,20.05
IGNACIO ESCUDERO,20.08
PADRE ABAD,20.08
TAMBO GRANDE,20.08
QUERECOTILLO,20.08
PARINAS,20.14
SAN JOSE DE SISA,20.17
SAN PEDRO DE PUTINA PUNCO,20.19
EL MILAGRO,20.2
SULLANA,20.2
CUNUMBUQUI,20.23
EL ALTO,20.37
PISCOYACU,20.4
LAMAS,20.4
CONSTITUCION,20.41
LOBITOS,20.48
LA BANDA DE SHILCAYO,20.49
CHAZUTA,20.66
BELLAVISTA,20.69
AGUA BLANCA,20.72
PAMPAS DE HOSPITAL,20.73
MATAPALO,20.75
BAJO BIAVO,20.77
CASITAS,20.81
JUANJUI,20.83
SHAPAJA,20.86
HUEPETUHE,20.87
SAN JACINTO,20.9
LOS ORGANOS,20.96
BALSAPUERTO,20.99
SACANCHE,21.01
BAGUA,21.03
HUIMBAYOC,21.11
TARAPOTO,21.12
JUAN GUERRA,21.14
SHATOJA,21.14
ALBERTO LEVEAU,21.19
MEGANTONI,21.19
CONTAMANA,21.2
MANCORA,21.27
EL ESLABON,21.34
RAIMONDI,21.36
NIEVA,21.39
TINGO DE PONASA,21.4
PAJARILLO,21.43
CACATACHI,21.44
PILLUANA,21.44
HUALLAGA,21.44
SAN JUAN DE LA VIRGEN,21.46
PUCACACA,21.52
CANOAS DE PUNTA SAL,21.54
PUERTO INCA,21.59
CAYNARACHI,21.62
MADRE DE DIOS,21.65
CASPISAPA,21.68
IBERIA,21.69
RIO SANTIAGO,21.69
IPARIA,21.69
MORALES,21.7
TINGO DE SAPOSOA,21.7
BARRANQUITA,21.72
TAHUAMANU,21.74
FITZCARRALD,21.78
INAPARI,21.79
YUYAPICHIS,21.82
ZORRITOS,21.83
MANSERICHE,21.83
CAHUAPANAS,21.85
PICOTA,21.85
TAHUANIA,21.86
ALEXANDER VON HUMBOLDT,21.86
PURUS,21.86
TUMBES,21.88
VARGAS GUERRA,21.91
CAMPOVERDE,21.91
SAN HILARION,21.92
NESHUYA,21.94
CALLERIA,21.94
INAHUAYA,21.96
PAPAYAL,22.0
LAS PIEDRAS,22.0
ALTO TAPICHE,22.02
CURIMANA,22.03
TAMBOPATA,22.04
TOURNAVISTA,22.05
CHIPURANA,22.05
NUEVA REQUENA,22.05
HONORIA,22.06
YURUA,22.07
PADRE MARQUEZ,22.09
IRAZOLA,22.1
MASISEA,22.1
PAPAPLAYA,22.15
YARINACOCHA,22.15
SEPAHUA,22.15
MANANTAY,22.18
LA CRUZ,22.19
TENIENTE CESAR LOPEZ ROJAS,22.27
SARAYACU,22.28
MAQUIA,22.28
SOPLIN,22.29
CORRALES,22.3
INAMBARI,22.31
LABERINTO,22.36
YURIMAGUAS,22.39
EMILIO SAN MARTIN,22.4
TORRES CAUSANA,22.42
TROMPETEROS,22.43
YAQUERANA,22.44
TAPICHE,22.46
TENIENTE MANUEL CLAVERO,22.47
TIGRE,22.5
PUINAHUA,22.5
NAPO,22.52
ROSA PANDURO,22.55
ALTO NANAY,22.56
JEBEROS,22.57
CAPELO,22.59
REQUENA,22.6
SAQUENA,22.62
JENARO HERRERA,22.62
ZARUMILLA,22.65
ANDOAS,22.65
PARINARI,22.65
MAZAN,22.68
AGUAS VERDES,22.69
FERNANDO LORES,22.7
URARINAS,22.7
NAUTA,22.71
PUNCHANA,22.72
YAVARI,22.75
INDIANA,22.76
PUTUMAYO,22.78
IQUITOS,22.78
LAS AMAZONAS,22.81
PEBAS,22.88
PASTAZA,22.92
RAMON CASTILLA,22.97
YAGUAS,23.01
MORONA,23.01
ANDRES AVELINO CACERES DORREGARAY,
ARENAL,
ATAURA,
BARRANCO,
BRENA,
CAHUAC,
CALETA DE CARQUIN,
CARMEN ALTO,
CARMEN DE LA LEGUA REYNOSO,
CHACABAMBA,
CHAUPIMARCA,
CHUPACA,
CUTURAPI,
EL PARCO,
FLORENCIA DE MORA,
HUACASCHUQUE,
HUACHAC,
HUALMAY,
HUAMALI,
HUANCAN,
HUARIPAMPA,
HUAYLLAHUARA,
IZCUCHACA,
JAUJA,
JESUS MARIA,
JOSE LUIS BUSTAMANTE Y RIVERO,
JOSE MARIA QUIMPER,
LA PERLA,
LA PUNTA,
LIMA,
LINCE,
LOS OLIVOS,
MAGDALENA DEL MAR,
MI PERU,
MOLLEBAYA,
MUQUI,
NUEVE DE JULIO,
PANCAN,
PISCO,
PUCUSANA,
QUICHUAY,
RAHUAPAMPA,
RECTA,
RIMAC,
RINCONADA LLICUAR,
SABANDIA,
SACHACA,
SAN AGUSTIN,
SAN BORJA,
SAN JERONIMO DE TUNAN,
SAN LORENZO,
SAN PEDRO DE CHUNAN,
SANO,
SANTA ANITA,
SANTIAGO DE SURCO,
SAUSA,
SAYLLA,
SHANAO,
SOCABAYA,
SURQUILLO,
TAMBO DE MORA,
TATE,
TINCO,
TINICACHI,
TRITA,
UNICACHI,
VIQUES,
YANAHUARA,
YUCAY,
